question_id,answer_slot,redesigned_role,block_id,block_multiplier,question_weight,legacy_masc_score,legacy_feminine_score,legacy_drift_score,agency_w,expressivity_w,structure_flow_w,sexual_role_w,desire_intensity_w,capacity_strain_w,ambiguity_tolerance_w,repair_endurance_w,initiation_axis,pursuit_axis,leadership_axis,surrender_safety_axis,tension_attraction_axis,calm_receptivity_axis,structure_preference_axis,flexibility_axis,validation_dependency_axis,erotic_safety_alignment_axis,polarity_norm_seed,attraction_pattern_norm_seed,drift_penalty_norm,genesis_labels
q1,A,MS,1,1.0,1.0,10,2,1,0.9,0.3,0.85,0.85,0.4,-0.8,0.6,0.7,0.85,0.25,0.85,0.45,0.35,0.72,0.85,0.58,0.22,0.72,0.6848,0.6168,0.1,steady initiator; grounded lead; task-clear; low-drift
q1,B,Mm,1,1.0,1.0,7,4,2,0.55,0.1,0.6,0.55,0.3,-0.3,0.4,0.5,0.66,0.4,0.66,0.5,0.45,0.56,0.66,0.78,0.35,0.6,0.6428,0.6032,0.2,adaptive lead; observational; flexible; moderate drift
q1,C,Fa,1,1.0,1.0,3,9,3,-0.2,-0.8,-0.3,-0.4,0.7,-0.5,-0.2,-0.3,0.4,0.6,0.46,0.66,0.52,0.6,0.42,0.7,0.46,0.68,0.5958,0.6872,0.3,relationally sensing; emotionally led; tuned to bond
q1,D,Fr,1,1.0,1.0,1,10,4,-0.7,-0.55,-0.7,-0.8,0.2,-0.2,0.8,0.9,0.2,0.8,0.25,0.86,0.3,0.84,0.28,0.56,0.5,0.8,0.591,0.8336,0.4,settled receiver; high surrender; calm attraction
q1,E,Dr,1,1.0,1.0,0,3,10,-0.85,-0.2,-0.6,-0.3,0.8,1.0,-0.9,-1.0,0.3,0.7,0.2,0.24,0.82,0.2,0.26,0.22,0.78,0.18,0.3578,0.3356,1.0,confused signal; unstable pull; high strain; low repair
q2,A,Fr,1,1.0,1.0,1,10,4,-0.7,-0.55,-0.7,-0.8,0.2,-0.2,0.8,0.9,0.2,0.8,0.25,0.86,0.3,0.84,0.28,0.56,0.5,0.8,0.591,0.8336,0.4,settled receiver; high surrender; calm attraction
q2,B,MS,1,1.0,1.0,10,2,1,0.9,0.3,0.85,0.85,0.4,-0.8,0.6,0.7,0.85,0.25,0.85,0.45,0.35,0.72,0.85,0.58,0.22,0.72,0.6848,0.6168,0.1,steady initiator; grounded lead; task-clear; low-drift
q2,C,Dr,1,1.0,1.0,0,3,10,-0.85,-0.2,-0.6,-0.3,0.8,1.0,-0.9,-1.0,0.3,0.7,0.2,0.24,0.82,0.2,0.26,0.22,0.78,0.18,0.3578,0.3356,1.0,confused signal; unstable pull; high strain; low repair
q2,D,Mm,1,1.0,1.0,7,4,2,0.55,0.1,0.6,0.55,0.3,-0.3,0.4,0.5,0.66,0.4,0.66,0.5,0.45,0.56,0.66,0.78,0.35,0.6,0.6428,0.6032,0.2,adaptive lead; observational; flexible; moderate drift
q2,E,Fa,1,1.0,1.0,3,9,3,-0.2,-0.8,-0.3,-0.4,0.7,-0.5,-0.2,-0.3,0.4,0.6,0.46,0.66,0.52,0.6,0.42,0.7,0.46,0.68,0.5958,0.6872,0.3,relationally sensing; emotionally led; tuned to bond
q3,A,Mm,1,1.0,1.0,7,4,2,0.55,0.1,0.6,0.55,0.3,-0.3,0.4,0.5,0.66,0.4,0.66,0.5,0.45,0.56,0.66,0.78,0.35,0.6,0.6428,0.6032,0.2,adaptive lead; observational; flexible; moderate drift
q3,B,Fa,1,1.0,1.0,3,9,3,-0.2,-0.8,-0.3,-0.4,0.7,-0.5,-0.2,-0.3,0.4,0.6,0.46,0.66,0.52,0.6,0.42,0.7,0.46,0.68,0.5958,0.6872,0.3,relationally sensing; emotionally led; tuned to bond
q3,C,MS,1,1.0,1.0,10,2,1,0.9,0.3,0.85,0.85,0.4,-0.8,0.6,0.7,0.85,0.25,0.85,0.45,0.35,0.72,0.85,0.58,0.22,0.72,0.6848,0.6168,0.1,steady initiator; grounded lead; task-clear; low-drift
q3,D,Dr,1,1.0,1.0,0,3,10,-0.85,-0.2,-0.6,-0.3,0.8,1.0,-0.9,-1.0,0.3,0.7,0.2,0.24,0.82,0.2,0.26,0.22,0.78,0.18,0.3578,0.3356,1.0,confused signal; unstable pull; high strain; low repair
q3,E,Fr,1,1.0,1.0,1,10,4,-0.7,-0.55,-0.7,-0.8,0.2,-0.2,0.8,0.9,0.2,0.8,0.25,0.86,0.3,0.84,0.28,0.56,0.5,0.8,0.591,0.8336,0.4,settled receiver; high surrender; calm attraction
q4,A,Dr,1,1.0,1.0,0,3,10,-0.85,-0.2,-0.6,-0.3,0.8,1.0,-0.9,-1.0,0.3,0.7,0.2,0.24,0.82,0.2,0.26,0.22,0.78,0.18,0.3578,0.3356,1.0,confused signal; unstable pull; high strain; low repair
q4,B,Fr,1,1.0,1.0,1,10,4,-0.7,-0.55,-0.7,-0.8,0.2,-0.2,0.8,0.9,0.2,0.8,0.25,0.86,0.3,0.84,0.28,0.56,0.5,0.8,0.591,0.8336,0.4,settled receiver; high surrender; calm attraction
q4,C,Mm,1,1.0,1.0,7,4,2,0.55,0.1,0.6,0.55,0.3,-0.3,0.4,0.5,0.66,0.4,0.66,0.5,0.45,0.56,0.66,0.78,0.35,0.6,0.6428,0.6032,0.2,adaptive lead; observational; flexible; moderate drift
q4,D,Fa,1,1.0,1.0,3,9,3,-0.2,-0.8,-0.3,-0.4,0.7,-0.5,-0.2,-0.3,0.4,0.6,0.46,0.66,0.52,0.6,0.42,0.7,0.46,0.68,0.5958,0.6872,0.3,relationally sensing; emotionally led; tuned to bond
q4,E,MS,1,1.0,1.0,10,2,1,0.9,0.3,0.85,0.85,0.4,-0.8,0.6,0.7,0.85,0.25,0.85,0.45,0.35,0.72,0.85,0.58,0.22,0.72,0.6848,0.6168,0.1,steady initiator; grounded lead; task-clear; low-drift
q5,A,Fa,1,1.0,1.0,3,9,3,-0.2,-0.8,-0.3,-0.4,0.7,-0.5,-0.2,-0.3,0.4,0.6,0.46,0.66,0.52,0.6,0.42,0.7,0.46,0.68,0.5958,0.6872,0.3,relationally sensing; emotionally led; tuned to bond
q5,B,Dr,1,1.0,1.0,0,3,10,-0.85,-0.2,-0.6,-0.3,0.8,1.0,-0.9,-1.0,0.3,0.7,0.2,0.24,0.82,0.2,0.26,0.22,0.78,0.18,0.3578,0.3356,1.0,confused signal; unstable pull; high strain; low repair
q5,C,Fr,1,1.0,1.0,1,10,4,-0.7,-0.55,-0.7,-0.8,0.2,-0.2,0.8,0.9,0.2,0.8,0.25,0.86,0.3,0.84,0.28,0.56,0.5,0.8,0.591,0.8336,0.4,settled receiver; high surrender; calm attraction
q5,D,MS,1,1.0,1.0,10,2,1,0.9,0.3,0.85,0.85,0.4,-0.8,0.6,0.7,0.85,0.25,0.85,0.45,0.35,0.72,0.85,0.58,0.22,0.72,0.6848,0.6168,0.1,steady initiator; grounded lead; task-clear; low-drift
q5,E,Mm,1,1.0,1.0,7,4,2,0.55,0.1,0.6,0.55,0.3,-0.3,0.4,0.5,0.66,0.4,0.66,0.5,0.45,0.56,0.66,0.78,0.35,0.6,0.6428,0.6032,0.2,adaptive lead; observational; flexible; moderate drift
q6,A,MS,1,1.0,1.0,10,2,1,0.9,0.3,0.85,0.85,0.4,-0.8,0.6,0.7,0.85,0.25,0.85,0.45,0.35,0.72,0.85,0.58,0.22,0.72,0.6848,0.6168,0.1,steady initiator; grounded lead; task-clear; low-drift
q6,B,Mm,1,1.0,1.0,7,4,2,0.55,0.1,0.6,0.55,0.3,-0.3,0.4,0.5,0.66,0.4,0.66,0.5,0.45,0.56,0.66,0.78,0.35,0.6,0.6428,0.6032,0.2,adaptive lead; observational; flexible; moderate drift
q6,C,Fa,1,1.0,1.0,3,9,3,-0.2,-0.8,-0.3,-0.4,0.7,-0.5,-0.2,-0.3,0.4,0.6,0.46,0.66,0.52,0.6,0.42,0.7,0.46,0.68,0.5958,0.6872,0.3,relationally sensing; emotionally led; tuned to bond
q6,D,Fr,1,1.0,1.0,1,10,4,-0.7,-0.55,-0.7,-0.8,0.2,-0.2,0.8,0.9,0.2,0.8,0.25,0.86,0.3,0.84,0.28,0.56,0.5,0.8,0.591,0.8336,0.4,settled receiver; high surrender; calm attraction
q6,E,Dr,1,1.0,1.0,0,3,10,-0.85,-0.2,-0.6,-0.3,0.8,1.0,-0.9,-1.0,0.3,0.7,0.2,0.24,0.82,0.2,0.26,0.22,0.78,0.18,0.3578,0.3356,1.0,confused signal; unstable pull; high strain; low repair
q7,A,Fr,1,1.0,1.0,1,10,4,-0.7,-0.55,-0.7,-0.8,0.2,-0.2,0.8,0.9,0.2,0.8,0.25,0.86,0.3,0.84,0.28,0.56,0.5,0.8,0.591,0.8336,0.4,settled receiver; high surrender; calm attraction
q7,B,MS,1,1.0,1.0,10,2,1,0.9,0.3,0.85,0.85,0.4,-0.8,0.6,0.7,0.85,0.25,0.85,0.45,0.35,0.72,0.85,0.58,0.22,0.72,0.6848,0.6168,0.1,steady initiator; grounded lead; task-clear; low-drift
q7,C,Dr,1,1.0,1.0,0,3,10,-0.85,-0.2,-0.6,-0.3,0.8,1.0,-0.9,-1.0,0.3,0.7,0.2,0.24,0.82,0.2,0.26,0.22,0.78,0.18,0.3578,0.3356,1.0,confused signal; unstable pull; high strain; low repair
q7,D,Mm,1,1.0,1.0,7,4,2,0.55,0.1,0.6,0.55,0.3,-0.3,0.4,0.5,0.66,0.4,0.66,0.5,0.45,0.56,0.66,0.78,0.35,0.6,0.6428,0.6032,0.2,adaptive lead; observational; flexible; moderate drift
q7,E,Fa,1,1.0,1.0,3,9,3,-0.2,-0.8,-0.3,-0.4,0.7,-0.5,-0.2,-0.3,0.4,0.6,0.46,0.66,0.52,0.6,0.42,0.7,0.46,0.68,0.5958,0.6872,0.3,relationally sensing; emotionally led; tuned to bond
q8,A,Mm,1,1.0,1.0,7,4,2,0.55,0.1,0.6,0.55,0.3,-0.3,0.4,0.5,0.66,0.4,0.66,0.5,0.45,0.56,0.66,0.78,0.35,0.6,0.6428,0.6032,0.2,adaptive lead; observational; flexible; moderate drift
q8,B,Fa,1,1.0,1.0,3,9,3,-0.2,-0.8,-0.3,-0.4,0.7,-0.5,-0.2,-0.3,0.4,0.6,0.46,0.66,0.52,0.6,0.42,0.7,0.46,0.68,0.5958,0.6872,0.3,relationally sensing; emotionally led; tuned to bond
q8,C,MS,1,1.0,1.0,10,2,1,0.9,0.3,0.85,0.85,0.4,-0.8,0.6,0.7,0.85,0.25,0.85,0.45,0.35,0.72,0.85,0.58,0.22,0.72,0.6848,0.6168,0.1,steady initiator; grounded lead; task-clear; low-drift
q8,D,Dr,1,1.0,1.0,0,3,10,-0.85,-0.2,-0.6,-0.3,0.8,1.0,-0.9,-1.0,0.3,0.7,0.2,0.24,0.82,0.2,0.26,0.22,0.78,0.18,0.3578,0.3356,1.0,confused signal; unstable pull; high strain; low repair
q8,E,Fr,1,1.0,1.0,1,10,4,-0.7,-0.55,-0.7,-0.8,0.2,-0.2,0.8,0.9,0.2,0.8,0.25,0.86,0.3,0.84,0.28,0.56,0.5,0.8,0.591,0.8336,0.4,settled receiver; high surrender; calm attraction
q9,A,Dr,2,1.1,1.1,0,3,10,-0.85,-0.2,-0.6,-0.3,0.8,1.0,-0.9,-1.0,0.3,0.7,0.2,0.24,0.82,0.2,0.26,0.22,0.78,0.18,0.3578,0.3356,1.1,confused signal; unstable pull; high strain; low repair
q9,B,Fr,2,1.1,1.1,1,10,4,-0.7,-0.55,-0.7,-0.8,0.2,-0.2,0.8,0.9,0.2,0.8,0.25,0.86,0.3,0.84,0.28,0.56,0.5,0.8,0.591,0.8336,0.44,settled receiver; high surrender; calm attraction
q9,C,Mm,2,1.1,1.1,7,4,2,0.55,0.1,0.6,0.55,0.3,-0.3,0.4,0.5,0.66,0.4,0.66,0.5,0.45,0.56,0.66,0.78,0.35,0.6,0.6428,0.6032,0.22,adaptive lead; observational; flexible; moderate drift
q9,D,Fa,2,1.1,1.1,3,9,3,-0.2,-0.8,-0.3,-0.4,0.7,-0.5,-0.2,-0.3,0.4,0.6,0.46,0.66,0.52,0.6,0.42,0.7,0.46,0.68,0.5958,0.6872,0.33,relationally sensing; emotionally led; tuned to bond
q9,E,MS,2,1.1,1.1,10,2,1,0.9,0.3,0.85,0.85,0.4,-0.8,0.6,0.7,0.85,0.25,0.85,0.45,0.35,0.72,0.85,0.58,0.22,0.72,0.6848,0.6168,0.11,steady initiator; grounded lead; task-clear; low-drift
q10,A,Fa,2,1.1,1.1,3,9,3,-0.2,-0.8,-0.3,-0.4,0.7,-0.5,-0.2,-0.3,0.4,0.6,0.46,0.66,0.52,0.6,0.42,0.7,0.46,0.68,0.5958,0.6872,0.33,relationally sensing; emotionally led; tuned to bond
q10,B,Dr,2,1.1,1.1,0,3,10,-0.85,-0.2,-0.6,-0.3,0.8,1.0,-0.9,-1.0,0.3,0.7,0.2,0.24,0.82,0.2,0.26,0.22,0.78,0.18,0.3578,0.3356,1.1,confused signal; unstable pull; high strain; low repair
q10,C,Fr,2,1.1,1.1,1,10,4,-0.7,-0.55,-0.7,-0.8,0.2,-0.2,0.8,0.9,0.2,0.8,0.25,0.86,0.3,0.84,0.28,0.56,0.5,0.8,0.591,0.8336,0.44,settled receiver; high surrender; calm attraction
q10,D,MS,2,1.1,1.1,10,2,1,0.9,0.3,0.85,0.85,0.4,-0.8,0.6,0.7,0.85,0.25,0.85,0.45,0.35,0.72,0.85,0.58,0.22,0.72,0.6848,0.6168,0.11,steady initiator; grounded lead; task-clear; low-drift
q10,E,Mm,2,1.1,1.1,7,4,2,0.55,0.1,0.6,0.55,0.3,-0.3,0.4,0.5,0.66,0.4,0.66,0.5,0.45,0.56,0.66,0.78,0.35,0.6,0.6428,0.6032,0.22,adaptive lead; observational; flexible; moderate drift
q11,A,MS,2,1.1,1.1,10,2,1,0.9,0.3,0.85,0.85,0.4,-0.8,0.6,0.7,0.85,0.25,0.85,0.45,0.35,0.72,0.85,0.58,0.22,0.72,0.6848,0.6168,0.11,steady initiator; grounded lead; task-clear; low-drift
q11,B,Mm,2,1.1,1.1,7,4,2,0.55,0.1,0.6,0.55,0.3,-0.3,0.4,0.5,0.66,0.4,0.66,0.5,0.45,0.56,0.66,0.78,0.35,0.6,0.6428,0.6032,0.22,adaptive lead; observational; flexible; moderate drift
q11,C,Fa,2,1.1,1.1,3,9,3,-0.2,-0.8,-0.3,-0.4,0.7,-0.5,-0.2,-0.3,0.4,0.6,0.46,0.66,0.52,0.6,0.42,0.7,0.46,0.68,0.5958,0.6872,0.33,relationally sensing; emotionally led; tuned to bond
q11,D,Fr,2,1.1,1.1,1,10,4,-0.7,-0.55,-0.7,-0.8,0.2,-0.2,0.8,0.9,0.2,0.8,0.25,0.86,0.3,0.84,0.28,0.56,0.5,0.8,0.591,0.8336,0.44,settled receiver; high surrender; calm attraction
q11,E,Dr,2,1.1,1.1,0,3,10,-0.85,-0.2,-0.6,-0.3,0.8,1.0,-0.9,-1.0,0.3,0.7,0.2,0.24,0.82,0.2,0.26,0.22,0.78,0.18,0.3578,0.3356,1.1,confused signal; unstable pull; high strain; low repair
q12,A,Fr,2,1.1,1.1,1,10,4,-0.7,-0.55,-0.7,-0.8,0.2,-0.2,0.8,0.9,0.2,0.8,0.25,0.86,0.3,0.84,0.28,0.56,0.5,0.8,0.591,0.8336,0.44,settled receiver; high surrender; calm attraction
q12,B,MS,2,1.1,1.1,10,2,1,0.9,0.3,0.85,0.85,0.4,-0.8,0.6,0.7,0.85,0.25,0.85,0.45,0.35,0.72,0.85,0.58,0.22,0.72,0.6848,0.6168,0.11,steady initiator; grounded lead; task-clear; low-drift
q12,C,Dr,2,1.1,1.1,0,3,10,-0.85,-0.2,-0.6,-0.3,0.8,1.0,-0.9,-1.0,0.3,0.7,0.2,0.24,0.82,0.2,0.26,0.22,0.78,0.18,0.3578,0.3356,1.1,confused signal; unstable pull; high strain; low repair
q12,D,Mm,2,1.1,1.1,7,4,2,0.55,0.1,0.6,0.55,0.3,-0.3,0.4,0.5,0.66,0.4,0.66,0.5,0.45,0.56,0.66,0.78,0.35,0.6,0.6428,0.6032,0.22,adaptive lead; observational; flexible; moderate drift
q12,E,Fa,2,1.1,1.1,3,9,3,-0.2,-0.8,-0.3,-0.4,0.7,-0.5,-0.2,-0.3,0.4,0.6,0.46,0.66,0.52,0.6,0.42,0.7,0.46,0.68,0.5958,0.6872,0.33,relationally sensing; emotionally led; tuned to bond
q13,A,Mm,2,1.1,1.1,7,4,2,0.55,0.1,0.6,0.55,0.3,-0.3,0.4,0.5,0.66,0.4,0.66,0.5,0.45,0.56,0.66,0.78,0.35,0.6,0.6428,0.6032,0.22,adaptive lead; observational; flexible; moderate drift
q13,B,Fa,2,1.1,1.1,3,9,3,-0.2,-0.8,-0.3,-0.4,0.7,-0.5,-0.2,-0.3,0.4,0.6,0.46,0.66,0.52,0.6,0.42,0.7,0.46,0.68,0.5958,0.6872,0.33,relationally sensing; emotionally led; tuned to bond
q13,C,MS,2,1.1,1.1,10,2,1,0.9,0.3,0.85,0.85,0.4,-0.8,0.6,0.7,0.85,0.25,0.85,0.45,0.35,0.72,0.85,0.58,0.22,0.72,0.6848,0.6168,0.11,steady initiator; grounded lead; task-clear; low-drift
q13,D,Dr,2,1.1,1.1,0,3,10,-0.85,-0.2,-0.6,-0.3,0.8,1.0,-0.9,-1.0,0.3,0.7,0.2,0.24,0.82,0.2,0.26,0.22,0.78,0.18,0.3578,0.3356,1.1,confused signal; unstable pull; high strain; low repair
q13,E,Fr,2,1.1,1.1,1,10,4,-0.7,-0.55,-0.7,-0.8,0.2,-0.2,0.8,0.9,0.2,0.8,0.25,0.86,0.3,0.84,0.28,0.56,0.5,0.8,0.591,0.8336,0.44,settled receiver; high surrender; calm attraction
q14,A,Dr,2,1.1,1.1,0,3,10,-0.85,-0.2,-0.6,-0.3,0.8,1.0,-0.9,-1.0,0.3,0.7,0.2,0.24,0.82,0.2,0.26,0.22,0.78,0.18,0.3578,0.3356,1.1,confused signal; unstable pull; high strain; low repair
q14,B,Fr,2,1.1,1.1,1,10,4,-0.7,-0.55,-0.7,-0.8,0.2,-0.2,0.8,0.9,0.2,0.8,0.25,0.86,0.3,0.84,0.28,0.56,0.5,0.8,0.591,0.8336,0.44,settled receiver; high surrender; calm attraction
q14,C,Mm,2,1.1,1.1,7,4,2,0.55,0.1,0.6,0.55,0.3,-0.3,0.4,0.5,0.66,0.4,0.66,0.5,0.45,0.56,0.66,0.78,0.35,0.6,0.6428,0.6032,0.22,adaptive lead; observational; flexible; moderate drift
q14,D,Fa,2,1.1,1.1,3,9,3,-0.2,-0.8,-0.3,-0.4,0.7,-0.5,-0.2,-0.3,0.4,0.6,0.46,0.66,0.52,0.6,0.42,0.7,0.46,0.68,0.5958,0.6872,0.33,relationally sensing; emotionally led; tuned to bond
q14,E,MS,2,1.1,1.1,10,2,1,0.9,0.3,0.85,0.85,0.4,-0.8,0.6,0.7,0.85,0.25,0.85,0.45,0.35,0.72,0.85,0.58,0.22,0.72,0.6848,0.6168,0.11,steady initiator; grounded lead; task-clear; low-drift
q15,A,Fa,2,1.1,1.1,3,9,3,-0.2,-0.8,-0.3,-0.4,0.7,-0.5,-0.2,-0.3,0.4,0.6,0.46,0.66,0.52,0.6,0.42,0.7,0.46,0.68,0.5958,0.6872,0.33,relationally sensing; emotionally led; tuned to bond
q15,B,Dr,2,1.1,1.1,0,3,10,-0.85,-0.2,-0.6,-0.3,0.8,1.0,-0.9,-1.0,0.3,0.7,0.2,0.24,0.82,0.2,0.26,0.22,0.78,0.18,0.3578,0.3356,1.1,confused signal; unstable pull; high strain; low repair
q15,C,Fr,2,1.1,1.1,1,10,4,-0.7,-0.55,-0.7,-0.8,0.2,-0.2,0.8,0.9,0.2,0.8,0.25,0.86,0.3,0.84,0.28,0.56,0.5,0.8,0.591,0.8336,0.44,settled receiver; high surrender; calm attraction
q15,D,MS,2,1.1,1.1,10,2,1,0.9,0.3,0.85,0.85,0.4,-0.8,0.6,0.7,0.85,0.25,0.85,0.45,0.35,0.72,0.85,0.58,0.22,0.72,0.6848,0.6168,0.11,steady initiator; grounded lead; task-clear; low-drift
q15,E,Mm,2,1.1,1.1,7,4,2,0.55,0.1,0.6,0.55,0.3,-0.3,0.4,0.5,0.66,0.4,0.66,0.5,0.45,0.56,0.66,0.78,0.35,0.6,0.6428,0.6032,0.22,adaptive lead; observational; flexible; moderate drift
q16,A,MS,2,1.1,1.1,10,2,1,0.9,0.3,0.85,0.85,0.4,-0.8,0.6,0.7,0.85,0.25,0.85,0.45,0.35,0.72,0.85,0.58,0.22,0.72,0.6848,0.6168,0.11,steady initiator; grounded lead; task-clear; low-drift
q16,B,Mm,2,1.1,1.1,7,4,2,0.55,0.1,0.6,0.55,0.3,-0.3,0.4,0.5,0.66,0.4,0.66,0.5,0.45,0.56,0.66,0.78,0.35,0.6,0.6428,0.6032,0.22,adaptive lead; observational; flexible; moderate drift
q16,C,Fa,2,1.1,1.1,3,9,3,-0.2,-0.8,-0.3,-0.4,0.7,-0.5,-0.2,-0.3,0.4,0.6,0.46,0.66,0.52,0.6,0.42,0.7,0.46,0.68,0.5958,0.6872,0.33,relationally sensing; emotionally led; tuned to bond
q16,D,Fr,2,1.1,1.1,1,10,4,-0.7,-0.55,-0.7,-0.8,0.2,-0.2,0.8,0.9,0.2,0.8,0.25,0.86,0.3,0.84,0.28,0.56,0.5,0.8,0.591,0.8336,0.44,settled receiver; high surrender; calm attraction
q16,E,Dr,2,1.1,1.1,0,3,10,-0.85,-0.2,-0.6,-0.3,0.8,1.0,-0.9,-1.0,0.3,0.7,0.2,0.24,0.82,0.2,0.26,0.22,0.78,0.18,0.3578,0.3356,1.1,confused signal; unstable pull; high strain; low repair
q17,A,Fr,3,1.15,1.21,1,10,4,-0.7,-0.55,-0.7,-0.8,0.2,-0.2,0.8,0.9,0.2,0.8,0.25,0.86,0.3,0.84,0.28,0.56,0.5,0.8,0.591,0.8336,0.46,settled receiver; high surrender; calm attraction
q17,B,MS,3,1.15,1.21,10,2,1,0.9,0.3,0.85,0.85,0.4,-0.8,0.6,0.7,0.85,0.25,0.85,0.45,0.35,0.72,0.85,0.58,0.22,0.72,0.6848,0.6168,0.115,steady initiator; grounded lead; task-clear; low-drift
q17,C,Dr,3,1.15,1.21,0,3,10,-0.85,-0.2,-0.6,-0.3,0.8,1.0,-0.9,-1.0,0.3,0.7,0.2,0.24,0.82,0.2,0.26,0.22,0.78,0.18,0.3578,0.3356,1.15,confused signal; unstable pull; high strain; low repair
q17,D,Mm,3,1.15,1.21,7,4,2,0.55,0.1,0.6,0.55,0.3,-0.3,0.4,0.5,0.66,0.4,0.66,0.5,0.45,0.56,0.66,0.78,0.35,0.6,0.6428,0.6032,0.23,adaptive lead; observational; flexible; moderate drift
q17,E,Fa,3,1.15,1.21,3,9,3,-0.2,-0.8,-0.3,-0.4,0.7,-0.5,-0.2,-0.3,0.4,0.6,0.46,0.66,0.52,0.6,0.42,0.7,0.46,0.68,0.5958,0.6872,0.345,relationally sensing; emotionally led; tuned to bond
q18,A,Mm,3,1.15,1.21,7,4,2,0.55,0.1,0.6,0.55,0.3,-0.3,0.4,0.5,0.66,0.4,0.66,0.5,0.45,0.56,0.66,0.78,0.35,0.6,0.6428,0.6032,0.23,adaptive lead; observational; flexible; moderate drift
q18,B,Fa,3,1.15,1.21,3,9,3,-0.2,-0.8,-0.3,-0.4,0.7,-0.5,-0.2,-0.3,0.4,0.6,0.46,0.66,0.52,0.6,0.42,0.7,0.46,0.68,0.5958,0.6872,0.345,relationally sensing; emotionally led; tuned to bond
q18,C,MS,3,1.15,1.21,10,2,1,0.9,0.3,0.85,0.85,0.4,-0.8,0.6,0.7,0.85,0.25,0.85,0.45,0.35,0.72,0.85,0.58,0.22,0.72,0.6848,0.6168,0.115,steady initiator; grounded lead; task-clear; low-drift
q18,D,Dr,3,1.15,1.21,0,3,10,-0.85,-0.2,-0.6,-0.3,0.8,1.0,-0.9,-1.0,0.3,0.7,0.2,0.24,0.82,0.2,0.26,0.22,0.78,0.18,0.3578,0.3356,1.15,confused signal; unstable pull; high strain; low repair
q18,E,Fr,3,1.15,1.21,1,10,4,-0.7,-0.55,-0.7,-0.8,0.2,-0.2,0.8,0.9,0.2,0.8,0.25,0.86,0.3,0.84,0.28,0.56,0.5,0.8,0.591,0.8336,0.46,settled receiver; high surrender; calm attraction
q19,A,Dr,3,1.15,1.15,0,3,10,-0.85,-0.2,-0.6,-0.3,0.8,1.0,-0.9,-1.0,0.3,0.7,0.2,0.24,0.82,0.2,0.26,0.22,0.78,0.18,0.3578,0.3356,1.15,confused signal; unstable pull; high strain; low repair
q19,B,Fr,3,1.15,1.15,1,10,4,-0.7,-0.55,-0.7,-0.8,0.2,-0.2,0.8,0.9,0.2,0.8,0.25,0.86,0.3,0.84,0.28,0.56,0.5,0.8,0.591,0.8336,0.46,settled receiver; high surrender; calm attraction
q19,C,Mm,3,1.15,1.15,7,4,2,0.55,0.1,0.6,0.55,0.3,-0.3,0.4,0.5,0.66,0.4,0.66,0.5,0.45,0.56,0.66,0.78,0.35,0.6,0.6428,0.6032,0.23,adaptive lead; observational; flexible; moderate drift
q19,D,Fa,3,1.15,1.15,3,9,3,-0.2,-0.8,-0.3,-0.4,0.7,-0.5,-0.2,-0.3,0.4,0.6,0.46,0.66,0.52,0.6,0.42,0.7,0.46,0.68,0.5958,0.6872,0.345,relationally sensing; emotionally led; tuned to bond
q19,E,MS,3,1.15,1.15,10,2,1,0.9,0.3,0.85,0.85,0.4,-0.8,0.6,0.7,0.85,0.25,0.85,0.45,0.35,0.72,0.85,0.58,0.22,0.72,0.6848,0.6168,0.115,steady initiator; grounded lead; task-clear; low-drift
q20,A,Fa,3,1.15,1.15,3,9,3,-0.2,-0.8,-0.3,-0.4,0.7,-0.5,-0.2,-0.3,0.4,0.6,0.46,0.66,0.52,0.6,0.42,0.7,0.46,0.68,0.5958,0.6872,0.345,relationally sensing; emotionally led; tuned to bond
q20,B,Dr,3,1.15,1.15,0,3,10,-0.85,-0.2,-0.6,-0.3,0.8,1.0,-0.9,-1.0,0.3,0.7,0.2,0.24,0.82,0.2,0.26,0.22,0.78,0.18,0.3578,0.3356,1.15,confused signal; unstable pull; high strain; low repair
q20,C,Fr,3,1.15,1.15,1,10,4,-0.7,-0.55,-0.7,-0.8,0.2,-0.2,0.8,0.9,0.2,0.8,0.25,0.86,0.3,0.84,0.28,0.56,0.5,0.8,0.591,0.8336,0.46,settled receiver; high surrender; calm attraction
q20,D,MS,3,1.15,1.15,10,2,1,0.9,0.3,0.85,0.85,0.4,-0.8,0.6,0.7,0.85,0.25,0.85,0.45,0.35,0.72,0.85,0.58,0.22,0.72,0.6848,0.6168,0.115,steady initiator; grounded lead; task-clear; low-drift
q20,E,Mm,3,1.15,1.15,7,4,2,0.55,0.1,0.6,0.55,0.3,-0.3,0.4,0.5,0.66,0.4,0.66,0.5,0.45,0.56,0.66,0.78,0.35,0.6,0.6428,0.6032,0.23,adaptive lead; observational; flexible; moderate drift
q21,A,MS,3,1.15,1.15,10,2,1,0.9,0.3,0.85,0.85,0.4,-0.8,0.6,0.7,0.85,0.25,0.85,0.45,0.35,0.72,0.85,0.58,0.22,0.72,0.6848,0.6168,0.115,steady initiator; grounded lead; task-clear; low-drift
q21,B,Mm,3,1.15,1.15,7,4,2,0.55,0.1,0.6,0.55,0.3,-0.3,0.4,0.5,0.66,0.4,0.66,0.5,0.45,0.56,0.66,0.78,0.35,0.6,0.6428,0.6032,0.23,adaptive lead; observational; flexible; moderate drift
q21,C,Fa,3,1.15,1.15,3,9,3,-0.2,-0.8,-0.3,-0.4,0.7,-0.5,-0.2,-0.3,0.4,0.6,0.46,0.66,0.52,0.6,0.42,0.7,0.46,0.68,0.5958,0.6872,0.345,relationally sensing; emotionally led; tuned to bond
q21,D,Fr,3,1.15,1.15,1,10,4,-0.7,-0.55,-0.7,-0.8,0.2,-0.2,0.8,0.9,0.2,0.8,0.25,0.86,0.3,0.84,0.28,0.56,0.5,0.8,0.591,0.8336,0.46,settled receiver; high surrender; calm attraction
q21,E,Dr,3,1.15,1.15,0,3,10,-0.85,-0.2,-0.6,-0.3,0.8,1.0,-0.9,-1.0,0.3,0.7,0.2,0.24,0.82,0.2,0.26,0.22,0.78,0.18,0.3578,0.3356,1.15,confused signal; unstable pull; high strain; low repair
q22,A,Fr,3,1.15,1.15,1,10,4,-0.7,-0.55,-0.7,-0.8,0.2,-0.2,0.8,0.9,0.2,0.8,0.25,0.86,0.3,0.84,0.28,0.56,0.5,0.8,0.591,0.8336,0.46,settled receiver; high surrender; calm attraction
q22,B,MS,3,1.15,1.15,10,2,1,0.9,0.3,0.85,0.85,0.4,-0.8,0.6,0.7,0.85,0.25,0.85,0.45,0.35,0.72,0.85,0.58,0.22,0.72,0.6848,0.6168,0.115,steady initiator; grounded lead; task-clear; low-drift
q22,C,Dr,3,1.15,1.15,0,3,10,-0.85,-0.2,-0.6,-0.3,0.8,1.0,-0.9,-1.0,0.3,0.7,0.2,0.24,0.82,0.2,0.26,0.22,0.78,0.18,0.3578,0.3356,1.15,confused signal; unstable pull; high strain; low repair
q22,D,Mm,3,1.15,1.15,7,4,2,0.55,0.1,0.6,0.55,0.3,-0.3,0.4,0.5,0.66,0.4,0.66,0.5,0.45,0.56,0.66,0.78,0.35,0.6,0.6428,0.6032,0.23,adaptive lead; observational; flexible; moderate drift
q22,E,Fa,3,1.15,1.15,3,9,3,-0.2,-0.8,-0.3,-0.4,0.7,-0.5,-0.2,-0.3,0.4,0.6,0.46,0.66,0.52,0.6,0.42,0.7,0.46,0.68,0.5958,0.6872,0.345,relationally sensing; emotionally led; tuned to bond
q23,A,Mm,3,1.15,1.15,7,4,2,0.55,0.1,0.6,0.55,0.3,-0.3,0.4,0.5,0.66,0.4,0.66,0.5,0.45,0.56,0.66,0.78,0.35,0.6,0.6428,0.6032,0.23,adaptive lead; observational; flexible; moderate drift
q23,B,Fa,3,1.15,1.15,3,9,3,-0.2,-0.8,-0.3,-0.4,0.7,-0.5,-0.2,-0.3,0.4,0.6,0.46,0.66,0.52,0.6,0.42,0.7,0.46,0.68,0.5958,0.6872,0.345,relationally sensing; emotionally led; tuned to bond
q23,C,MS,3,1.15,1.15,10,2,1,0.9,0.3,0.85,0.85,0.4,-0.8,0.6,0.7,0.85,0.25,0.85,0.45,0.35,0.72,0.85,0.58,0.22,0.72,0.6848,0.6168,0.115,steady initiator; grounded lead; task-clear; low-drift
q23,D,Dr,3,1.15,1.15,0,3,10,-0.85,-0.2,-0.6,-0.3,0.8,1.0,-0.9,-1.0,0.3,0.7,0.2,0.24,0.82,0.2,0.26,0.22,0.78,0.18,0.3578,0.3356,1.15,confused signal; unstable pull; high strain; low repair
q23,E,Fr,3,1.15,1.15,1,10,4,-0.7,-0.55,-0.7,-0.8,0.2,-0.2,0.8,0.9,0.2,0.8,0.25,0.86,0.3,0.84,0.28,0.56,0.5,0.8,0.591,0.8336,0.46,settled receiver; high surrender; calm attraction
q24,A,Dr,3,1.15,1.15,0,3,10,-0.85,-0.2,-0.6,-0.3,0.8,1.0,-0.9,-1.0,0.3,0.7,0.2,0.24,0.82,0.2,0.26,0.22,0.78,0.18,0.3578,0.3356,1.15,confused signal; unstable pull; high strain; low repair
q24,B,Fr,3,1.15,1.15,1,10,4,-0.7,-0.55,-0.7,-0.8,0.2,-0.2,0.8,0.9,0.2,0.8,0.25,0.86,0.3,0.84,0.28,0.56,0.5,0.8,0.591,0.8336,0.46,settled receiver; high surrender; calm attraction
q24,C,Mm,3,1.15,1.15,7,4,2,0.55,0.1,0.6,0.55,0.3,-0.3,0.4,0.5,0.66,0.4,0.66,0.5,0.45,0.56,0.66,0.78,0.35,0.6,0.6428,0.6032,0.23,adaptive lead; observational; flexible; moderate drift
q24,D,Fa,3,1.15,1.15,3,9,3,-0.2,-0.8,-0.3,-0.4,0.7,-0.5,-0.2,-0.3,0.4,0.6,0.46,0.66,0.52,0.6,0.42,0.7,0.46,0.68,0.5958,0.6872,0.345,relationally sensing; emotionally led; tuned to bond
q24,E,MS,3,1.15,1.15,10,2,1,0.9,0.3,0.85,0.85,0.4,-0.8,0.6,0.7,0.85,0.25,0.85,0.45,0.35,0.72,0.85,0.58,0.22,0.72,0.6848,0.6168,0.115,steady initiator; grounded lead; task-clear; low-drift
q25,A,Fa,4,1.2,1.26,3,9,3,-0.2,-0.8,-0.3,-0.4,0.7,-0.5,-0.2,-0.3,0.4,0.6,0.46,0.66,0.52,0.6,0.42,0.7,0.46,0.68,0.5958,0.6872,0.36,relationally sensing; emotionally led; tuned to bond
q25,B,Dr,4,1.2,1.26,0,3,10,-0.85,-0.2,-0.6,-0.3,0.8,1.0,-0.9,-1.0,0.3,0.7,0.2,0.24,0.82,0.2,0.26,0.22,0.78,0.18,0.3578,0.3356,1.2,confused signal; unstable pull; high strain; low repair
q25,C,Fr,4,1.2,1.26,1,10,4,-0.7,-0.55,-0.7,-0.8,0.2,-0.2,0.8,0.9,0.2,0.8,0.25,0.86,0.3,0.84,0.28,0.56,0.5,0.8,0.591,0.8336,0.48,settled receiver; high surrender; calm attraction
q25,D,MS,4,1.2,1.26,10,2,1,0.9,0.3,0.85,0.85,0.4,-0.8,0.6,0.7,0.85,0.25,0.85,0.45,0.35,0.72,0.85,0.58,0.22,0.72,0.6848,0.6168,0.12,steady initiator; grounded lead; task-clear; low-drift
q25,E,Mm,4,1.2,1.26,7,4,2,0.55,0.1,0.6,0.55,0.3,-0.3,0.4,0.5,0.66,0.4,0.66,0.5,0.45,0.56,0.66,0.78,0.35,0.6,0.6428,0.6032,0.24,adaptive lead; observational; flexible; moderate drift
q26,A,MS,4,1.2,1.26,10,2,1,0.9,0.3,0.85,0.85,0.4,-0.8,0.6,0.7,0.85,0.25,0.85,0.45,0.35,0.72,0.85,0.58,0.22,0.72,0.6848,0.6168,0.12,steady initiator; grounded lead; task-clear; low-drift
q26,B,Mm,4,1.2,1.26,7,4,2,0.55,0.1,0.6,0.55,0.3,-0.3,0.4,0.5,0.66,0.4,0.66,0.5,0.45,0.56,0.66,0.78,0.35,0.6,0.6428,0.6032,0.24,adaptive lead; observational; flexible; moderate drift
q26,C,Fa,4,1.2,1.26,3,9,3,-0.2,-0.8,-0.3,-0.4,0.7,-0.5,-0.2,-0.3,0.4,0.6,0.46,0.66,0.52,0.6,0.42,0.7,0.46,0.68,0.5958,0.6872,0.36,relationally sensing; emotionally led; tuned to bond
q26,D,Fr,4,1.2,1.26,1,10,4,-0.7,-0.55,-0.7,-0.8,0.2,-0.2,0.8,0.9,0.2,0.8,0.25,0.86,0.3,0.84,0.28,0.56,0.5,0.8,0.591,0.8336,0.48,settled receiver; high surrender; calm attraction
q26,E,Dr,4,1.2,1.26,0,3,10,-0.85,-0.2,-0.6,-0.3,0.8,1.0,-0.9,-1.0,0.3,0.7,0.2,0.24,0.82,0.2,0.26,0.22,0.78,0.18,0.3578,0.3356,1.2,confused signal; unstable pull; high strain; low repair
q27,A,Fr,4,1.2,1.2,1,10,4,-0.7,-0.55,-0.7,-0.8,0.2,-0.2,0.8,0.9,0.2,0.8,0.25,0.86,0.3,0.84,0.28,0.56,0.5,0.8,0.591,0.8336,0.48,settled receiver; high surrender; calm attraction
q27,B,MS,4,1.2,1.2,10,2,1,0.9,0.3,0.85,0.85,0.4,-0.8,0.6,0.7,0.85,0.25,0.85,0.45,0.35,0.72,0.85,0.58,0.22,0.72,0.6848,0.6168,0.12,steady initiator; grounded lead; task-clear; low-drift
q27,C,Dr,4,1.2,1.2,0,3,10,-0.85,-0.2,-0.6,-0.3,0.8,1.0,-0.9,-1.0,0.3,0.7,0.2,0.24,0.82,0.2,0.26,0.22,0.78,0.18,0.3578,0.3356,1.2,confused signal; unstable pull; high strain; low repair
q27,D,Mm,4,1.2,1.2,7,4,2,0.55,0.1,0.6,0.55,0.3,-0.3,0.4,0.5,0.66,0.4,0.66,0.5,0.45,0.56,0.66,0.78,0.35,0.6,0.6428,0.6032,0.24,adaptive lead; observational; flexible; moderate drift
q27,E,Fa,4,1.2,1.2,3,9,3,-0.2,-0.8,-0.3,-0.4,0.7,-0.5,-0.2,-0.3,0.4,0.6,0.46,0.66,0.52,0.6,0.42,0.7,0.46,0.68,0.5958,0.6872,0.36,relationally sensing; emotionally led; tuned to bond
q28,A,Mm,4,1.2,1.2,7,4,2,0.55,0.1,0.6,0.55,0.3,-0.3,0.4,0.5,0.66,0.4,0.66,0.5,0.45,0.56,0.66,0.78,0.35,0.6,0.6428,0.6032,0.24,adaptive lead; observational; flexible; moderate drift
q28,B,Fa,4,1.2,1.2,3,9,3,-0.2,-0.8,-0.3,-0.4,0.7,-0.5,-0.2,-0.3,0.4,0.6,0.46,0.66,0.52,0.6,0.42,0.7,0.46,0.68,0.5958,0.6872,0.36,relationally sensing; emotionally led; tuned to bond
q28,C,MS,4,1.2,1.2,10,2,1,0.9,0.3,0.85,0.85,0.4,-0.8,0.6,0.7,0.85,0.25,0.85,0.45,0.35,0.72,0.85,0.58,0.22,0.72,0.6848,0.6168,0.12,steady initiator; grounded lead; task-clear; low-drift
q28,D,Dr,4,1.2,1.2,0,3,10,-0.85,-0.2,-0.6,-0.3,0.8,1.0,-0.9,-1.0,0.3,0.7,0.2,0.24,0.82,0.2,0.26,0.22,0.78,0.18,0.3578,0.3356,1.2,confused signal; unstable pull; high strain; low repair
q28,E,Fr,4,1.2,1.2,1,10,4,-0.7,-0.55,-0.7,-0.8,0.2,-0.2,0.8,0.9,0.2,0.8,0.25,0.86,0.3,0.84,0.28,0.56,0.5,0.8,0.591,0.8336,0.48,settled receiver; high surrender; calm attraction
q29,A,Dr,4,1.2,1.2,0,3,10,-0.85,-0.2,-0.6,-0.3,0.8,1.0,-0.9,-1.0,0.3,0.7,0.2,0.24,0.82,0.2,0.26,0.22,0.78,0.18,0.3578,0.3356,1.2,confused signal; unstable pull; high strain; low repair
q29,B,Fr,4,1.2,1.2,1,10,4,-0.7,-0.55,-0.7,-0.8,0.2,-0.2,0.8,0.9,0.2,0.8,0.25,0.86,0.3,0.84,0.28,0.56,0.5,0.8,0.591,0.8336,0.48,settled receiver; high surrender; calm attraction
q29,C,Mm,4,1.2,1.2,7,4,2,0.55,0.1,0.6,0.55,0.3,-0.3,0.4,0.5,0.66,0.4,0.66,0.5,0.45,0.56,0.66,0.78,0.35,0.6,0.6428,0.6032,0.24,adaptive lead; observational; flexible; moderate drift
q29,D,Fa,4,1.2,1.2,3,9,3,-0.2,-0.8,-0.3,-0.4,0.7,-0.5,-0.2,-0.3,0.4,0.6,0.46,0.66,0.52,0.6,0.42,0.7,0.46,0.68,0.5958,0.6872,0.36,relationally sensing; emotionally led; tuned to bond
q29,E,MS,4,1.2,1.2,10,2,1,0.9,0.3,0.85,0.85,0.4,-0.8,0.6,0.7,0.85,0.25,0.85,0.45,0.35,0.72,0.85,0.58,0.22,0.72,0.6848,0.6168,0.12,steady initiator; grounded lead; task-clear; low-drift
q30,A,Fa,4,1.2,1.2,3,9,3,-0.2,-0.8,-0.3,-0.4,0.7,-0.5,-0.2,-0.3,0.4,0.6,0.46,0.66,0.52,0.6,0.42,0.7,0.46,0.68,0.5958,0.6872,0.36,relationally sensing; emotionally led; tuned to bond
q30,B,Dr,4,1.2,1.2,0,3,10,-0.85,-0.2,-0.6,-0.3,0.8,1.0,-0.9,-1.0,0.3,0.7,0.2,0.24,0.82,0.2,0.26,0.22,0.78,0.18,0.3578,0.3356,1.2,confused signal; unstable pull; high strain; low repair
q30,C,Fr,4,1.2,1.2,1,10,4,-0.7,-0.55,-0.7,-0.8,0.2,-0.2,0.8,0.9,0.2,0.8,0.25,0.86,0.3,0.84,0.28,0.56,0.5,0.8,0.591,0.8336,0.48,settled receiver; high surrender; calm attraction
q30,D,MS,4,1.2,1.2,10,2,1,0.9,0.3,0.85,0.85,0.4,-0.8,0.6,0.7,0.85,0.25,0.85,0.45,0.35,0.72,0.85,0.58,0.22,0.72,0.6848,0.6168,0.12,steady initiator; grounded lead; task-clear; low-drift
q30,E,Mm,4,1.2,1.2,7,4,2,0.55,0.1,0.6,0.55,0.3,-0.3,0.4,0.5,0.66,0.4,0.66,0.5,0.45,0.56,0.66,0.78,0.35,0.6,0.6428,0.6032,0.24,adaptive lead; observational; flexible; moderate drift
q31,A,MS,4,1.2,1.26,10,2,1,0.9,0.3,0.85,0.85,0.4,-0.8,0.6,0.7,0.85,0.25,0.85,0.45,0.35,0.72,0.85,0.58,0.22,0.72,0.6848,0.6168,0.12,steady initiator; grounded lead; task-clear; low-drift
q31,B,Mm,4,1.2,1.26,7,4,2,0.55,0.1,0.6,0.55,0.3,-0.3,0.4,0.5,0.66,0.4,0.66,0.5,0.45,0.56,0.66,0.78,0.35,0.6,0.6428,0.6032,0.24,adaptive lead; observational; flexible; moderate drift
q31,C,Fa,4,1.2,1.26,3,9,3,-0.2,-0.8,-0.3,-0.4,0.7,-0.5,-0.2,-0.3,0.4,0.6,0.46,0.66,0.52,0.6,0.42,0.7,0.46,0.68,0.5958,0.6872,0.36,relationally sensing; emotionally led; tuned to bond
q31,D,Fr,4,1.2,1.26,1,10,4,-0.7,-0.55,-0.7,-0.8,0.2,-0.2,0.8,0.9,0.2,0.8,0.25,0.86,0.3,0.84,0.28,0.56,0.5,0.8,0.591,0.8336,0.48,settled receiver; high surrender; calm attraction
q31,E,Dr,4,1.2,1.26,0,3,10,-0.85,-0.2,-0.6,-0.3,0.8,1.0,-0.9,-1.0,0.3,0.7,0.2,0.24,0.82,0.2,0.26,0.22,0.78,0.18,0.3578,0.3356,1.2,confused signal; unstable pull; high strain; low repair
q32,A,Fr,4,1.2,1.26,1,10,4,-0.7,-0.55,-0.7,-0.8,0.2,-0.2,0.8,0.9,0.2,0.8,0.25,0.86,0.3,0.84,0.28,0.56,0.5,0.8,0.591,0.8336,0.48,settled receiver; high surrender; calm attraction
q32,B,MS,4,1.2,1.26,10,2,1,0.9,0.3,0.85,0.85,0.4,-0.8,0.6,0.7,0.85,0.25,0.85,0.45,0.35,0.72,0.85,0.58,0.22,0.72,0.6848,0.6168,0.12,steady initiator; grounded lead; task-clear; low-drift
q32,C,Dr,4,1.2,1.26,0,3,10,-0.85,-0.2,-0.6,-0.3,0.8,1.0,-0.9,-1.0,0.3,0.7,0.2,0.24,0.82,0.2,0.26,0.22,0.78,0.18,0.3578,0.3356,1.2,confused signal; unstable pull; high strain; low repair
q32,D,Mm,4,1.2,1.26,7,4,2,0.55,0.1,0.6,0.55,0.3,-0.3,0.4,0.5,0.66,0.4,0.66,0.5,0.45,0.56,0.66,0.78,0.35,0.6,0.6428,0.6032,0.24,adaptive lead; observational; flexible; moderate drift
q32,E,Fa,4,1.2,1.26,3,9,3,-0.2,-0.8,-0.3,-0.4,0.7,-0.5,-0.2,-0.3,0.4,0.6,0.46,0.66,0.52,0.6,0.42,0.7,0.46,0.68,0.5958,0.6872,0.36,relationally sensing; emotionally led; tuned to bond
